<?xml version="1.0" encoding="UTF-8"?>
<!--
  ~ Hibernate, Relational Persistence for Idiomatic Java
  ~
  ~ License: GNU Lesser General Public License (LGPL), version 2.1 or later.
  ~ See the lgpl.txt file in the root directory or <http://www.gnu.org/licenses/lgpl-2.1.html>.
  -->
<!DOCTYPE hibernate-configuration PUBLIC
        "-//Hibernate/Hibernate Configuration DTD 3.0//EN"
        "http://www.hibernate.org/dtd/hibernate-configuration-3.0.dtd">
<hibernate-configuration>
    <session-factory>
        <!-- Database connection settings -->
        <property name="hibernate.connection.driver_class">org.mariadb.jdbc.Driver</property>
        <property name="hibernate.connection.url">jdbc:mariadb://localhost:3306/test</property>
        <property name="hibernate.connection.username">root</property>
        <property name="hibernate.connection.password">d1p10m4d0j4v4</property>
        <property name="hibernate.default_schema">test</property>
        <!-- JDBC connection pool (use the built-in) -->
        <property name="connection.pool_size">1</property>
        <!-- SQL dialect -->
        <property name="hibernate.dialect">org.hibernate.dialect.MariaDBDialect</property>
        <!-- Disable the second-level cache  -->
        <property name="cache.provider_class">org.hibernaorg.hibernate.cache.internal.NoCacheProvidete.cache.internal.NoCacheProvider</property>
        <!-- Echo all executed SQL to stdout -->
        <property name="show_sql">true</property>
        <!-- Drop and re-create the database schema on startup -->
        <property name="hbm2ddl.auto">none</property>
        <property name="hibernate.transform_hbm_xml.enabled">true</property>
        <mapping resource="Table.hbm.xml"/>
    </session-factory>
</hibernate-configuration>
