<?xml version="1.0" encoding="UTF-8"?>
<!--
  ~ Hibernate, Relational Persistence for Idiomatic Java
  ~
  ~ License: GNU Lesser General Public License (LGPL), version 2.1 or later.
  ~ See the lgpl.txt file in the root directory or <http://www.gnu.org/licenses/lgpl-2.1.html>.
  -->
<!DOCTYPE hibernate-mapping PUBLIC
        "-//Hibernate/Hibernate Mapping DTD 3.0//EN"
        "http://www.hibernate.org/dtd/hibernate-mapping-3.0.dtd">
<hibernate-mapping package="edu.unam.agenda.model">
    <class name="edu.unam.agenda.model.PhoneType" table="phone_type">
        <id name="id" column="phone_type_id">
            <generator class="identity"/>
        </id>
        <property name="name" column="name" length="50"/>
        <property name="status" column="status" length="50"/>
    </class>
</hibernate-mapping>
