<?xml version="1.0" encoding="UTF-8"?>
<beans xmlns="http://www.springframework.org/schema/beans"
       xmlns:xsi="http://www.w3.org/2001/XMLSchema-instance"
       xsi:schemaLocation="http://www.springframework.org/schema/beans
       http://www.springframework.org/schema/beans/spring-beans.xsd">

    <!-- bean definitions here -->
    <bean id="empleado" class="dgtic.core.modelo.Empleado">
        <property name="nombre" value="Tomás"/>
        <property name="edad" value="45" />
        <property name="actividades">
            <list>
                <ref bean="gestionProyectos"/>
                <ref bean="intercambioConocimientos" />
                <ref bean="planificacionProyectos" />
                <ref bean="planificacionProyectos" />
                <!-- <bean class="dgtic.core.modelo.PlanificacionProyectos" /> -->
                <ref bean="gestionProyectos"/>
            </list>
        </property>
    </bean>

    <bean id="empleadoDos" class="dgtic.core.modelo.EmpleadoS">
        <property name="nombre" value="Alma" />
        <property name="edad" value="23" />
        <property name="actividades">
            <set>
                <ref bean="gestionProyectos"/>
                <ref bean="intercambioConocimientos"/>
                <ref bean="planificacionProyectos"/>
                <ref bean="gestionProyectos"/>
            </set>
        </property>
    </bean>

    <bean id="empleadoTres" class="dgtic.core.modelo.EmpleadoM">
        <property name="nombre" value="Roberto" />
        <property name="edad" value="34" />
        <property name="actividades">
            <map>
                <entry key="uno" value-ref="gestionProyectos" />
                <entry key="dos" value-ref="intercambioConocimientos" />
                <entry key="tres" value-ref="planificacionProyectos" />
            </map>
        </property>
    </bean>

    <bean id="empleadoCuatro" class="dgtic.core.modelo.EmpleadoP">
        <property name="nombre" value="Mario" />
        <property name="edad" value="23" />
        <property name="actividades">
            <props>
                <prop key="uno">Gestion de Proyectos</prop>
                <prop key="dos">Planificacion de Proyectos</prop>
            </props>
        </property>
    </bean>

    <bean id="gestionProyectos" class="dgtic.core.modelo.GestionProyectos"/>
    <bean id="intercambioConocimientos" class="dgtic.core.modelo.IntercambioConocimientos"/>
    <bean id="planificacionProyectos" class="dgtic.core.modelo.PlanificacionProyectos" />

</beans>
