<?xml version="1.0" encoding="UTF-8"?>
<beans xmlns="http://www.springframework.org/schema/beans"
       xmlns:xsi="http://www.w3.org/2001/XMLSchema-instance"
       xsi:schemaLocation="http://www.springframework.org/schema/beans
       http://www.springframework.org/schema/beans/spring-beans.xsd">

    <!-- Definiciones de beans -->
    <bean id="persona" class="dgtic.core.modelo.Persona" scope="prototype">
        <property name="nombre" value="Pedro"/>
        <property name="coche" ref="servicio"/>
    </bean>

    <bean id="personaDos" class="dgtic.core.modelo.Persona">
        <property name="nombre" value="Pedro"/>
        <property name="coche" ref="servicio"/>
    </bean>

</beans>
