<?xml
        version="1.0" encoding="UTF-8"?>
<beans
        xmlns="http://www.springframework.org/schema/beans"
        xmlns:xsi="http://www.w3.org/2001/XMLSchema-instance"
        xsi:schemaLocation="http://www.springframework.org/schema/beans
http://www.springframework.org/schema/beans/spring-beans.xsd">
    <!-- bean definitions here -->
    <bean id="empleado" class="dgtic.core.modelo.Empleado">
        <constructor-arg value="Rebeca"/>
        <property name="actividad" ref="gestionProyectos"/>
        <property name="edad" value="45"/>
    </bean>
    <bean id="empleadoDos" class="dgtic.core.modelo.Empleado">
        <constructor-arg ref="gestionProyectos"/>
    </bean>
    <bean id="empleadoTres" class="dgtic.core.modelo.Empleado">
        <property name="actividad" ref="proyectos"/>
    </bean>
    <bean id="empleadoCuatro" class="dgtic.core.modelo.Empleado">
        <constructor-arg ref="proyectos"/>
        <property name="nombre" value="Tomás"/>
        <property name="edad" value="30"/>
    </bean>

    <bean id="gestionProyectos" class="dgtic.core.modelo.GestionProyectos">
    </bean>
    <bean id="intercambioConocimientos" class="dgtic.core.modelo.IntercambioConocimientos">
    </bean>
    <bean id="proyectos" class="dgtic.core.modelo.PlanificacionProyectos">
    </bean>

</beans>